{"mean": [7.648381233215332, 2.564115285873413, 3.064692735671997, 64.19993591308594, 2.807239532470703, 15.470088005065918], "std": [1.2248483896255493, 0.3781449496746063, 0.34657320380210876, 6.3935770988464355, 5.4505696296691895, 14.535634994506836]}